<?xml version="1.0" encoding="UTF-8"?>
<scene>
	<lights>
		<light type="POINT" posX="0.0" posY="0.0" posZ="0.0" />
	</lights>
	<group><!--Espaco-->
		<colour R="1" G="1" B="1"/>
		<scale X="15" Y="15" Z="15"/>
		<models>
			<model file="../../Generator/cmake-build-release/sun.3d" texture="../Texturas/2k_stars_milky_way.jpg"/>
		</models>
	</group>

	<group><!--sol-->
		<colour R="0.99" G="0.72" B="0.07"/>
		<models>
				<model file="../../Generator/cmake-build-release/sun.3d" texture="../Texturas/2k_sun.jpg"/>
		</models>
	</group>

	<group> <!--mercurio-->
		<colour R="0.66" G="0.18" B="0.14"/>
		<translate time="25" >
			 <point X="2.6699808241978524" Y="0" Z="0.0"/>
			 <point X="2.312270143275945" Y="0" Z="1.63165494812091"/>
			 <point X="1.3349904120989262" Y="0" Z="2.8261079528928224"/>
			 <point X="0.0" Y="0" Z="3.26330989624182"/>
			 <point X="-1.3349904120989262" Y="0" Z="2.8261079528928224"/>
			 <point X="-2.312270143275945" Y="0" Z="1.63165494812091"/>
			 <point X="-2.6699808241978524" Y="0" Z="0.0"/>
			 <point X="-2.312270143275945" Y="0" Z="-1.63165494812091"/>
			 <point X="-1.3349904120989262" Y="0" Z="-2.8261079528928224"/>
			 <point X="-0.0" Y="0" Z="-3.26330989624182"/>
			 <point X="1.3349904120989262" Y="0" Z="-2.8261079528928224"/>
			 <point X="2.312270143275945" Y="0" Z="-1.63165494812091"/>
		</translate>
		<scale X="0.0034" Y="0.0034" Z="0.0034"/>
		<models>
			<model file="../../Generator/cmake-build-release/sun.3d" texture="../Texturas/2k_mercury.jpg" />
		</models>
	</group>

	<group><!--venus-->
		<colour R="0.55" G="0.49" B="0.51"/>
		<translate time="30" >
			 <point X="3.2325629808550658" Y="0" Z="0.0"/>
			 <point X="2.7994803554950085" Y="0" Z="1.9754551549669848"/>
			 <point X="1.6162814904275329" Y="0" Z="3.4215871011605663"/>
			 <point X="0.0" Y="0" Z="3.9509103099339695"/>
			 <point X="-1.6162814904275329" Y="0" Z="3.4215871011605663"/>
			 <point X="-2.7994803554950085" Y="0" Z="1.9754551549669848"/>
			 <point X="-3.2325629808550658" Y="0" Z="0.0"/>
			 <point X="-2.7994803554950085" Y="0" Z="-1.9754551549669848"/>
			 <point X="-1.6162814904275329" Y="0" Z="-3.4215871011605663"/>
			 <point X="-0.0" Y="0" Z="-3.9509103099339695"/>
			 <point X="1.6162814904275329" Y="0" Z="-3.4215871011605663"/>
			 <point X="2.7994803554950085" Y="0" Z="-1.9754551549669848"/>
		</translate>
		<scale X="0.0087" Y="0.0087" Z="0.0087"/>
		<models>
				<model file="../../Generator/cmake-build-release/sun.3d" texture="../Texturas/2k_venus_surface.jpg"/>
		</models>
	</group>

	<group><!--terra-->
		<colour R="0.55" G="0.69" B="0.87"/>
		<translate time="35" >
			 <point X="3.5241483100702626" Y="0" Z="0.0"/>
			 <point X="3.0520005402285992" Y="0" Z="2.153646189487383"/>
			 <point X="1.7620741550351313" Y="0" Z="3.7302228825016215"/>
			 <point X="0.0" Y="0" Z="4.307292378974766"/>
			 <point X="-1.7620741550351313" Y="0" Z="3.7302228825016215"/>
			 <point X="-3.0520005402285992" Y="0" Z="2.153646189487383"/>
			 <point X="-3.5241483100702626" Y="0" Z="0.0"/>
			 <point X="-3.0520005402285992" Y="0" Z="-2.153646189487383"/>
			 <point X="-1.7620741550351313" Y="0" Z="-3.7302228825016215"/>
			 <point X="-0.0" Y="0" Z="-4.307292378974766"/>
			 <point X="1.7620741550351313" Y="0" Z="-3.7302228825016215"/>
			 <point X="3.0520005402285992" Y="0" Z="-2.153646189487383"/>
		</translate>
		<scale X="0.0091" Y="0.0091" Z="0.0091"/>
		<models>
				<model file="../../Generator/cmake-build-release/sun.3d" texture="../Texturas/2k_earth_daymap.jpg"/>
		</models>
		<group><!--lua-->
			<colour R="0.9" G="0.9" B="0.9"/>
			<translate time="40" >
				 <point X="1.4142135623730951" Y="0" Z="0.0"/>
				 <point X="1.2247443003541598" Y="0" Z="0.7071067811865476"/>
				 <point X="0.7071067811865476" Y="0" Z="1.2247443003541598"/>
				 <point X="0.0" Y="0" Z="1.4142135623730951"/>
				 <point X="-0.7071067811865476" Y="0" Z="1.2247443003541598"/>
				 <point X="-1.2247443003541598" Y="0" Z="0.7071067811865476"/>
				 <point X="-1.4142135623730951" Y="0" Z="0.0"/>
				 <point X="-1.2247443003541598" Y="0" Z="-0.7071067811865476"/>
				 <point X="-0.7071067811865476" Y="0" Z="-1.2247443003541598"/>
				 <point X="-0.0" Y="0" Z="-1.4142135623730951"/>
				 <point X="0.7071067811865476" Y="0" Z="-1.2247443003541598"/>
				 <point X="1.2247443003541598" Y="0" Z="-0.7071067811865476"/>
			</translate>
			<scale X="0.27" Y="0.27" Z="0.27"/>
			<models>
					<model file="../../Generator/cmake-build-release/sun.3d" texture="../Texturas/2k_moon.jpg"/>
			</models>
		</group>
	</group>

	<group><!--marte-->
		<colour R="0.58" G="0.28" B="0.22"/>
		<translate time="45" >
			 <point X="3.9031539438687544" Y="0" Z="0.0"/>
			 <point X="3.3802288942389382" Y="0" Z="2.38526074347535"/>
			 <point X="1.9515769719343772" Y="0" Z="4.13139087073648"/>
			 <point X="0.0" Y="0" Z="4.7705214869507"/>
			 <point X="-1.9515769719343772" Y="0" Z="4.13139087073648"/>
			 <point X="-3.3802288942389382" Y="0" Z="2.38526074347535"/>
			 <point X="-3.9031539438687544" Y="0" Z="0.0"/>
			 <point X="-3.3802288942389382" Y="0" Z="-2.38526074347535"/>
			 <point X="-1.9515769719343772" Y="0" Z="-4.13139087073648"/>
			 <point X="-0.0" Y="0" Z="-4.7705214869507"/>
			 <point X="1.9515769719343772" Y="0" Z="-4.13139087073648"/>
			 <point X="3.3802288942389382" Y="0" Z="-2.38526074347535"/>
		</translate>
		<scale X="0.0048" Y="0.0048" Z="0.0048"/>
		<models>
				<model file="../../Generator/cmake-build-release/sun.3d" texture="../Texturas/2k_mars.jpg"/>
		</models>
	</group>

	<group><!--jupiter-->
		<colour R="0.75" G="0.5" B="0.3"/>
		<translate time="50" >
			 <point X="5.008415289977347" Y="0" Z="0.0"/>
			 <point X="4.3374128515026324" Y="0" Z="3.0606982327639347"/>
			 <point X="2.5042076449886737" Y="0" Z="5.301282374058774"/>
			 <point X="0.0" Y="0" Z="6.121396465527869"/>
			 <point X="-2.5042076449886737" Y="0" Z="5.301282374058774"/>
			 <point X="-4.3374128515026324" Y="0" Z="3.0606982327639347"/>
			 <point X="-5.008415289977347" Y="0" Z="0.0"/>
			 <point X="-4.3374128515026324" Y="0" Z="-3.0606982327639347"/>
			 <point X="-2.5042076449886737" Y="0" Z="-5.301282374058774"/>
			 <point X="-0.0" Y="0" Z="-6.121396465527869"/>
			 <point X="2.5042076449886737" Y="0" Z="-5.301282374058774"/>
			 <point X="4.3374128515026324" Y="0" Z="-3.0606982327639347"/>
		</translate>
		<scale X="0.1026" Y="0.1026" Z="0.1026"/>
		<models>
				<model file="../../Generator/cmake-build-release/sun.3d" texture="../Texturas/2k_jupiter.jpg"/>
		</models>
		<group><!--lua Ganimedes-->
			<colour R="0.5" G="0.58" B="0.65"/>
			<translate time="55" >
				 <point X="-2.7" Y="0" Z="-0.0"/>
				 <point X="-2.3382675" Y="0" Z="-1.6500000000000001"/>
				 <point X="-1.35" Y="0" Z="-2.8578825000000005"/>
				 <point X="-0.0" Y="0" Z="-3.3000000000000003"/>
				 <point X="1.35" Y="0" Z="-2.8578825000000005"/>
				 <point X="2.3382675" Y="0" Z="-1.6500000000000001"/>
				 <point X="2.7" Y="0" Z="-0.0"/>
				 <point X="2.3382675" Y="0" Z="1.6500000000000001"/>
				 <point X="1.35" Y="0" Z="2.8578825000000005"/>
				 <point X="0.0" Y="0" Z="3.3000000000000003"/>
				 <point X="-1.35" Y="0" Z="2.8578825000000005"/>
				 <point X="-2.3382675" Y="0" Z="1.6500000000000001"/>
			</translate>
			<scale X="0.038" Y="0.038" Z="0.038"/>
			<models>
				<model file="../../Generator/cmake-build-release/sun.3d" texture="../Texturas/2k_eris_fictional.jpg"/>
			</models>
		</group>
		<group><!--lua Calisto-->
			<colour R="0.56" G="0.51" B="0.37"/>
			<translate time="60" >
				 <point X="5.0" Y="0" Z="0.0"/>
				 <point X="4.330125000000001" Y="0" Z="2.5"/>
				 <point X="2.5" Y="0" Z="4.330125000000001"/>
				 <point X="0.0" Y="0" Z="5.0"/>
				 <point X="-2.5" Y="0" Z="4.330125000000001"/>
				 <point X="-4.330125000000001" Y="0" Z="2.5"/>
				 <point X="-5.0" Y="0" Z="0.0"/>
				 <point X="-4.330125000000001" Y="0" Z="-2.5"/>
				 <point X="-2.5" Y="0" Z="-4.330125000000001"/>
				 <point X="-0.0" Y="0" Z="-5.0"/>
				 <point X="2.5" Y="0" Z="-4.330125000000001"/>
				 <point X="4.330125000000001" Y="0" Z="-2.5"/>
			</translate>

			<scale X="0.034" Y="0.034" Z="0.034"/>
			<models>
				<model file="../../Generator/cmake-build-release/sun.3d" texture="../Texturas/2k_ceres_fictional.jpg"/>
			</models>
		</group>
		<group><!--lua IO-->
			<colour R="0.39" G="0.93" B="0"/>
			<translate time="65" >
				 <point X="3.1622776601683795" Y="0" Z="0.0"/>
				 <point X="2.738611510647321" Y="0" Z="1.5811388300841898"/>
				 <point X="1.5811388300841898" Y="0" Z="2.738611510647321"/>
				 <point X="0.0" Y="0" Z="3.1622776601683795"/>
				 <point X="-1.5811388300841898" Y="0" Z="2.738611510647321"/>
				 <point X="-2.738611510647321" Y="0" Z="1.5811388300841898"/>
				 <point X="-3.1622776601683795" Y="0" Z="0.0"/>
				 <point X="-2.738611510647321" Y="0" Z="-1.5811388300841898"/>
				 <point X="-1.5811388300841898" Y="0" Z="-2.738611510647321"/>
				 <point X="-0.0" Y="0" Z="-3.1622776601683795"/>
				 <point X="1.5811388300841898" Y="0" Z="-2.738611510647321"/>
				 <point X="2.738611510647321" Y="0" Z="-1.5811388300841898"/>
			</translate>
			<scale X="0.026" Y="0.026" Z="0.026"/>
			<models>
				<model file="../../Generator/cmake-build-release/sun.3d" texture="../Texturas/2k_haumea_fictional.jpg"/>
			</models>
		</group>
	</group>

	<group><!--saturno-->
		<colour R="0.81" G="0.72" B="0.72"/>
		<translate time="70" >
			 <point X="5.555488800391214" Y="0" Z="0.0"/>
			 <point X="4.811192188358802" Y="0" Z="3.395020933572409"/>
			 <point X="2.777744400195607" Y="0" Z="5.880346007994091"/>
			 <point X="0.0" Y="0" Z="6.790041867144818"/>
			 <point X="-2.777744400195607" Y="0" Z="5.880346007994091"/>
			 <point X="-4.811192188358802" Y="0" Z="3.395020933572409"/>
			 <point X="-5.555488800391214" Y="0" Z="0.0"/>
			 <point X="-4.811192188358802" Y="0" Z="-3.395020933572409"/>
			 <point X="-2.777744400195607" Y="0" Z="-5.880346007994091"/>
			 <point X="-0.0" Y="0" Z="-6.790041867144818"/>
			 <point X="2.777744400195607" Y="0" Z="-5.880346007994091"/>
			 <point X="4.811192188358802" Y="0" Z="-3.395020933572409"/>
		</translate>
		<scale X="0.0862" Y="0.0862" Z="0.0862"/>
		<ring/>
		<models>
				<model file="../../Generator/cmake-build-release/sun.3d" texture="../Texturas/2k_saturn.jpg"/>
		</models>
		<group><!--lua Titan-->
			<colour R="0.55" G="0.69" B="0.23"/>
			<translate time="75" >
				 <point X="4.242640687119285" Y="0" Z="0.0"/>
				 <point X="3.674232901062479" Y="0" Z="2.1213203435596424"/>
				 <point X="2.1213203435596424" Y="0" Z="3.674232901062479"/>
				 <point X="0.0" Y="0" Z="4.242640687119285"/>
				 <point X="-2.1213203435596424" Y="0" Z="3.674232901062479"/>
				 <point X="-3.674232901062479" Y="0" Z="2.1213203435596424"/>
				 <point X="-4.242640687119285" Y="0" Z="0.0"/>
				 <point X="-3.674232901062479" Y="0" Z="-2.1213203435596424"/>
				 <point X="-2.1213203435596424" Y="0" Z="-3.674232901062479"/>
				 <point X="-0.0" Y="0" Z="-4.242640687119285"/>
				 <point X="2.1213203435596424" Y="0" Z="-3.674232901062479"/>
				 <point X="3.674232901062479" Y="0" Z="-2.1213203435596424"/>
			</translate>
			<scale X="0.044" Y="0.044" Z="0.044"/>
			<models>
				<model file="../../Generator/cmake-build-release/sun.3d" texture="../Texturas/2k_makemake_fictional.jpg"/>
			</models>
		</group>
	</group>

	<group><!--urano-->
		<colour R="0.73" G="0.88" B="0.89"/>
		<translate time="80" >
			 <point X="6.183150728391184" Y="0" Z="0.0"/>
			 <point X="5.354763109554976" Y="0" Z="3.7785921117946124"/>
			 <point X="3.091575364195592" Y="0" Z="6.544710467233859"/>
			 <point X="0.0" Y="0" Z="7.557184223589225"/>
			 <point X="-3.091575364195592" Y="0" Z="6.544710467233859"/>
			 <point X="-5.354763109554976" Y="0" Z="3.7785921117946124"/>
			 <point X="-6.183150728391184" Y="0" Z="0.0"/>
			 <point X="-5.354763109554976" Y="0" Z="-3.7785921117946124"/>
			 <point X="-3.091575364195592" Y="0" Z="-6.544710467233859"/>
			 <point X="-0.0" Y="0" Z="-7.557184223589225"/>
			 <point X="3.091575364195592" Y="0" Z="-6.544710467233859"/>
			 <point X="5.354763109554976" Y="0" Z="-3.7785921117946124"/>
		</translate>
		<scale X="0.0370" Y="0.0370" Z="0.0370"/>
		<models>
				<model file="../../Generator/cmake-build-release/sun.3d" texture="../Texturas/2k_uranus.jpg"/>
		</models>
	</group>

	<group><!--neptuno-->
		<colour R="0.36" G="0.36" B="0.87"/>
		<translate time="85" >
			 <point X="6.588488748639168" Y="0" Z="0.0"/>
			 <point X="5.705795968540236" Y="0" Z="4.026298679723936"/>
			 <point X="3.294244374319584" Y="0" Z="6.973750628215845"/>
			 <point X="0.0" Y="0" Z="8.052597359447873"/>
			 <point X="-3.294244374319584" Y="0" Z="6.973750628215845"/>
			 <point X="-5.705795968540236" Y="0" Z="4.026298679723936"/>
			 <point X="-6.588488748639168" Y="0" Z="0.0"/>
			 <point X="-5.705795968540236" Y="0" Z="-4.026298679723936"/>
			 <point X="-3.294244374319584" Y="0" Z="-6.973750628215845"/>
			 <point X="-0.0" Y="0" Z="-8.052597359447873"/>
			 <point X="3.294244374319584" Y="0" Z="-6.973750628215845"/>
			 <point X="5.705795968540236" Y="0" Z="-4.026298679723936"/>
		</translate>
		<scale X="0.0355" Y="0.0355" Z="0.0355"/>
		<models>
				<model file="../../Generator/cmake-build-release/sun.3d" texture="../Texturas/2k_neptune.jpg"/>
		</models>
		<group><!--lua Triton-->
			<colour R="0.47" G="0.78" B="0.8"/>
			<translate time="90" >
				 <point X="1.4142135623730951" Y="0" Z="0.0"/>
				 <point X="1.2247443003541598" Y="0" Z="0.7071067811865476"/>
				 <point X="0.7071067811865476" Y="0" Z="1.2247443003541598"/>
				 <point X="0.0" Y="0" Z="1.4142135623730951"/>
				 <point X="-0.7071067811865476" Y="0" Z="1.2247443003541598"/>
				 <point X="-1.2247443003541598" Y="0" Z="0.7071067811865476"/>
				 <point X="-1.4142135623730951" Y="0" Z="0.0"/>
				 <point X="-1.2247443003541598" Y="0" Z="-0.7071067811865476"/>
				 <point X="-0.7071067811865476" Y="0" Z="-1.2247443003541598"/>
				 <point X="-0.0" Y="0" Z="-1.4142135623730951"/>
				 <point X="0.7071067811865476" Y="0" Z="-1.2247443003541598"/>
				 <point X="1.2247443003541598" Y="0" Z="-0.7071067811865476"/>
			</translate>
			<scale X="0.055" Y="0.055" Z="0.055"/>
			<models>
				<model file="../../Generator/cmake-build-release/sun.3d" texture="../Texturas/2k_eris_fictional.jpg"/>
			</models>
		</group>
	</group>
	<group><!--cometa - teapot-->
		<colour R="1" G="1" B="1"/>
		<translate time="5" >
			 <point X="7.965858188431927" Y="0" Z="0.0"/>
			 <point X="6.8986323376367595" Y="0" Z="2.9871968206619726"/>
			 <point X="3.9829290942159634" Y="0" Z="5.17397425322757"/>
			 <point X="0.0" Y="0" Z="5.974393641323945"/>
			 <point X="-3.9829290942159634" Y="0" Z="5.17397425322757"/>
			 <point X="-6.8986323376367595" Y="0" Z="2.9871968206619726"/>
			 <point X="-7.965858188431927" Y="0" Z="0.0"/>
			 <point X="-6.8986323376367595" Y="0" Z="-2.9871968206619726"/>
			 <point X="-3.9829290942159634" Y="0" Z="-5.17397425322757"/>
			 <point X="-0.0" Y="0" Z="-5.974393641323945"/>
			 <point X="3.9829290942159634" Y="0" Z="-5.17397425322757"/>
			 <point X="6.8986323376367595" Y="0" Z="-2.9871968206619726"/>
		</translate>
		<rotate angle="-90" axisX="1" axisY="0" axisZ="0"/>
		<scale X="0.055" Y="0.055" Z="0.055"/>
		<models>
			<model file="../../Generator/cmake-build-release/teapot.3d" texture="../Texturas/code_texture.png"/>
		</models>
	</group>
</scene>